Id,Name,Text,type,all_points,X,Y,RadiusX,RadiusY,Width,Height,all_transforms
8752,"undefined","","Polyline","3380.660,371.200 4366.430,596.520 4591.750,652.850 4845.230,737.350 5098.720,878.170 5183.210,962.670 5324.040,1159.820 5605.690,1666.790 5774.670,1948.440 5943.660,2286.410 6337.970,3384.840 6422.470,3722.820 6478.800,3919.980 6535.130,4426.940 6535.130,5159.230 6450.630,5469.040 6366.140,5638.030 6281.640,5863.350 5915.500,6229.490 5831.000,6285.820 5549.360,6539.310 4986.060,7102.600 4619.920,7553.240 4535.420,7637.740 4535.420,7694.070 4366.430,7947.550 4281.940,8060.210 4084.780,8398.190 4056.620,8454.520 3915.790,8651.670 3803.140,8764.330 3774.970,8876.990 3605.980,9045.980 3465.160,9158.640 3408.830,9271.300 3183.510,9440.290 3155.340,9496.620 3099.010,9524.780 3014.520,9609.280 2817.370,9778.260 2732.870,9806.430 2620.210,9890.920 2366.730,10144.410 2225.900,10257.070 2000.580,10482.390 1887.930,10623.210 1747.100,10764.030 1606.280,10933.020 1465.450,11073.850 1380.960,11130.180 1099.310,11411.830 1042.980,11552.650 930.320,11749.800 873.990,11890.630 789.500,12031.450 789.500,12087.780 733.170,12172.280 733.170,12200.440 648.670,12425.760 620.510,12482.090 620.510,12538.420 564.180,12707.410 564.180,12876.400 592.340,12932.730 592.340,13101.720 620.510,13158.050 705.000,13439.700 705.000,14566.290 733.170,14650.780 733.170,14707.110 761.330,14791.610 761.330,15016.930 789.500,15073.260 845.830,15298.580 845.830,15326.740 902.150,15636.550 930.320,15721.050 958.480,15946.370 1014.810,16143.520 1071.140,16312.510 1127.470,16425.170 1211.970,16565.990 1240.130,16565.990 1380.960,16734.980 1521.780,16819.480 1606.280,16903.971 1634.440,16903.971 1887.930,17044.801 1972.420,17072.961 2085.080,17129.289 2169.570,17157.461 2254.070,17213.779 2338.560,17241.949 2451.220,17270.109 2620.210,17326.449 3380.660,17495.430 3690.480,17523.600 3915.790,17551.760 4310.100,17551.760 4507.260,17579.930 4929.730,17720.750 5098.720,17833.410 5155.050,17861.580 5239.540,17917.910 5493.030,18115.061 5633.850,18199.561 5690.180,18255.891 5859.170,18396.711 6478.800,18931.840 6704.110,19100.830 6844.940,19213.490 7267.410,19495.141 7549.060,19607.801 7661.720,19664.131 7802.540,19748.619 8056.030,19833.119 8168.690,19889.449 8365.840,19973.939 8478.500,20058.439 8534.830,20086.600 8900.970,20368.250 9407.940,20734.391 9717.750,20875.221 9830.410,20903.381 9971.240,20931.551 10309.220,20931.551 10816.180,20959.711 11126.000,20959.711 11323.150,21016.039 11379.480,21044.211 11548.470,21100.529 11661.130,21128.699 11745.620,21128.699 12083.600,21241.359 12196.260,21269.520 12252.590,21269.520 12365.250,21325.850 12534.240,21466.680 12618.730,21579.340 12646.900,21663.830 12703.230,21748.330 12731.390,21973.650 12759.560,22029.971 12759.560,22480.609 12703.230,22565.109 12675.060,22734.100 12646.900,22734.100 12618.730,22931.250 12534.240,23184.730 12365.250,23466.381 12168.100,23691.699 11689.290,24170.500 11548.470,24255.000 11379.480,24339.490 11126.000,24423.990 10872.510,24452.150 10562.700,24480.320 10365.540,24508.480 10140.230,24480.320 9661.420,24367.660 9267.120,24311.330 8985.470,24283.160 8872.810,24255.000 8703.820,24226.830 8365.840,24198.670 8168.690,24170.500 7999.700,24142.340 7802.540,24142.340 7380.070,24001.510 7182.920,23917.020 6901.270,23804.359 6704.110,23691.699 6197.150,23438.221 5971.830,23297.391 5802.840,23156.570 5577.520,22931.250 5380.370,22621.439 5155.050,22283.461 4901.560,21804.660 4648.080,21410.350 4422.760,21044.211 4197.440,20593.570 3859.460,20171.090 3718.640,19861.279 3521.490,19551.471 3436.990,19382.480 3268.000,19129.000 3155.340,19044.500 3099.010,18988.170 2958.190,18875.510 2873.700,18819.180 2479.390,18622.029 2451.220,18622.029 2282.230,18509.369 2085.080,18368.539 1859.760,18227.721 1775.270,18171.391 1606.280,18030.570 1578.110,18030.570 1521.780,17974.240 1493.620,17917.910 1437.290,17889.740 1409.120,17833.410 1099.310,17523.600 817.660,17185.619 705.000,17016.631 648.670,16903.971 592.340,16763.150 564.180,16650.490 536.010,16565.990 536.010,16509.660 507.850,16397.010 479.680,16143.520 451.520,16030.860 395.190,15833.710 367.020,15692.880 338.860,15608.390 310.690,15495.730 282.530,15411.230 282.530,15383.070 254.360,15242.250 254.360,15214.080 226.200,15129.590 198.030,15016.930 141.700,14847.940 29.040,14453.630 0.880,14340.970 0.880,13214.380 29.040,13158.050 57.210,13017.220 113.540,12848.230 198.030,12622.910 226.200,12538.420 282.530,12341.270 338.860,12172.280 338.860,12087.780 367.020,12003.290 367.020,11608.980 338.860,11468.160 310.690,11299.170 310.690,10764.030 395.190,10426.060 564.180,9919.090 620.510,9806.430 705.000,9581.110 845.830,9271.300 1042.980,8792.490 1211.970,8285.530 1352.790,7947.550 1521.780,7412.420 1521.780,7187.100 1578.110,6426.650 1578.110,6201.330 1606.280,5694.360 1606.280,4877.580 1634.440,4370.610 1718.940,3863.650 1803.430,3272.180 1831.590,3131.360 1944.260,2906.040 2028.750,2624.390 2197.740,2314.580 2225.900,2201.920 2282.230,2089.260 2366.730,1892.110 2451.220,1666.790 2479.390,1582.290 2535.720,1441.470 2592.050,1272.480 2648.380,1159.820 2704.710,962.670 2732.870,934.500 2817.370,765.510 2901.860,652.850 2958.190,596.520 2958.190,568.360 3042.680,483.860 3070.850,483.860 3099.010,455.700 3127.180,455.700 3211.670,371.200 3268.000,343.040 3352.500,343.040 3352.500,314.870 3577.820,314.870 3634.150,343.040 3690.480,343.040 3718.640,371.200 3774.970,371.200 3831.300,427.530 3859.460,427.530",-1,-1,-1,-1,-1,-1,-1
8753,"undefined","Inv Ca (Solid/Cellular)","Polyline","3662.300,9153.310 4042.680,9153.310 5016.000,9142.120 5418.750,9108.560 5620.130,9086.180 5799.130,9041.430 5832.690,9041.430 6090.000,8996.680 6403.260,8951.930 6727.690,8907.180 6850.760,8895.990 7018.570,8895.990 7219.950,8918.370 7398.950,8929.560 7633.890,8951.930 7678.640,8951.930 7835.260,8974.310 7958.330,8996.680 8014.260,8996.680 8182.080,9030.240 8316.330,9086.180 8428.200,9153.310 8596.020,9265.180 8685.520,9354.680 8752.640,9455.370 8808.580,9589.620 8830.960,9712.690 8842.140,9891.690 8830.960,9992.370 8752.640,10193.750 8707.890,10272.060 8674.330,10361.560 8629.580,10462.250 8573.640,10641.250 8517.700,10954.510 8495.330,11390.820 8495.330,11905.450 8484.140,12084.450 8472.950,12207.510 8450.580,12364.140 8372.270,12643.830 8305.140,12811.640 8215.640,13057.770 8159.700,13270.330 8114.950,13415.770 8092.580,13550.020 8036.640,13706.650 7980.700,13829.710 7891.200,13963.960 7734.570,14142.960 7589.140,14277.210 7242.320,14579.280 7085.700,14724.710 6772.440,14970.840 6682.940,15071.530 6515.130,15250.530 6380.880,15384.780 6224.250,15530.220 6067.630,15686.840 5944.570,15821.100 5899.810,15877.030 5810.310,15944.160 5664.880,16078.410 5553.000,16156.720 5508.250,16201.470 5407.560,16279.780 5195.000,16425.221 4915.310,16593.039 4803.430,16648.971 4691.560,16727.289 4590.870,16783.230 4501.370,16816.789 4400.680,16861.539 4232.870,16917.480 4053.870,16995.789 4031.490,17018.160 3874.870,17107.670 3807.740,17152.410 3774.180,17185.980 3751.800,17230.730 3740.610,17230.730 3718.240,17253.100 3707.050,17253.100 3707.050,17264.289 3684.680,17275.480 3539.240,17275.480 3382.610,17264.289 3225.990,17219.539 3125.300,17197.170 2923.920,17130.039 2901.550,17107.670 2778.480,17062.910 2633.050,17029.350 2319.790,16917.480 2163.170,16850.350 2096.040,16816.789 1984.170,16727.289 1771.600,16626.600 1704.480,16593.039 1670.920,16570.660 1603.790,16503.539 1559.040,16469.971 1491.910,16436.410 1402.410,16380.470 1301.730,16279.780 1256.980,16223.850 1223.410,16156.720 1178.660,16000.100 1178.660,15966.530 1145.100,15731.590 1145.100,15608.530 1122.720,15407.160 1111.540,15228.150 1111.540,15071.530 1100.350,14892.530 1100.350,14534.530 1089.160,14489.780 1077.970,14377.900 1077.970,14277.210 1022.040,14064.650 954.910,13762.580 932.540,13684.270 910.160,13572.400 887.790,13482.890 887.790,13471.710 854.220,13359.830 843.040,13259.140 831.850,13203.210 820.660,13180.830 809.470,13136.080 809.470,13102.520 787.100,12957.080 787.100,12655.010 798.290,12520.760 809.470,12442.450 831.850,12397.700 854.220,12308.200 876.600,12252.260 910.160,12185.140 921.350,12173.950 943.720,12106.820 966.100,12073.260 999.660,12006.140 1033.220,11961.390 1055.600,11905.450 1100.350,11849.510 1167.480,11737.630 1178.660,11726.450 1178.660,11704.070 1189.850,11681.700 1245.790,11625.760 1312.910,11569.820 1402.410,11480.320 1447.160,11424.380 1480.730,11402.010 1491.910,11390.820 1581.420,11245.380 1782.790,10976.880 1883.480,10865.000 1905.850,10831.440 2062.480,10674.820 2185.540,10585.320 2330.980,10451.060 2465.230,10339.190 2487.610,10328.000 2655.420,10160.190 2711.360,10115.440 2879.170,9970.000 3114.110,9735.060 3170.050,9690.310 3203.610,9667.940 3270.740,9600.810 3393.800,9500.120 3416.180,9466.560 3483.300,9410.620 3528.050,9365.870 3595.180,9298.750 3628.740,9254.000 3662.300,9231.620 3673.490,9209.250 3695.870,9198.060 3707.050,9175.680 3718.240,9164.490 3729.430,9164.490 3740.610,9153.310 3807.740,9130.930 3874.870,9130.930",-1,-1,-1,-1,-1,-1,-1
8754,"undefined","Low-immune solid tumour","Rectangle","3298.786,14242.352 4086.016,14242.352 4086.016,15079.302 3298.786,15079.302",3298.7856843036643,14242.351784638053,-1,-1,787.2303397032965,836.9502138539356,"1,0,0,0,1,0,0,0,1"
8755,"undefined","Invasive Ca (infiltrative/fibrotic)","Polyline","7555.820,14433.990 7798.560,14566.400 8239.900,14720.870 8438.510,14809.130 8482.640,14831.200 8570.910,14897.400 8637.110,14963.600 8857.780,15073.940 9034.320,15206.340 9144.650,15316.680 9321.190,15427.010 9387.390,15493.210 9475.660,15603.550 9541.860,15647.680 9872.870,15978.690 10049.400,16111.090 10115.600,16155.230 10181.810,16177.290 10689.350,16177.290 10799.680,16133.160 10843.820,16111.090 10887.950,16111.090 11174.820,16000.760 11505.830,15868.350 11748.570,15824.220 11969.240,15824.220 12035.440,15802.150 12256.110,15780.090 12851.920,15780.090 13072.590,15824.220 13138.790,15846.290 13227.060,15868.350 13359.470,15912.490 13381.530,15934.560 13536.000,16000.760 13624.270,16022.820 13756.670,16111.090 13867.010,16177.290 13911.140,16199.360 13955.280,16243.490 13977.340,16243.490 13977.340,16287.630 14021.480,16353.830 14065.610,16397.961 14065.610,16640.699 14043.550,16773.100 13999.410,16839.311 13911.140,16949.641 13844.940,17082.039 13778.740,17170.311 13734.600,17258.580 13734.600,17302.711 13712.540,17324.779 13668.400,17390.980 13602.200,17457.180 13580.140,17501.320 13469.800,17611.650 13447.730,17655.789 13425.670,17744.061 13403.600,17810.260 13359.470,17876.461 13337.400,17920.590 13315.330,17986.789 13271.200,18075.061 13271.200,18097.131 13249.130,18141.260 13227.060,18207.461 13204.990,18229.529 13204.990,18317.801 13160.860,18339.869 13160.860,18428.141 13116.730,18516.400 13116.730,18715.010 13094.660,18759.141 13094.660,18891.539 13116.730,18957.750 13116.730,18979.811 13204.990,19068.080 13293.260,19112.221 13646.340,19266.680 13844.940,19377.020 13977.340,19443.221 14087.680,19531.490 14131.810,19553.561 14242.150,19663.891 14308.350,19752.160 14418.680,19884.561 14551.090,20061.100 14705.560,20237.641 14749.690,20281.770 14815.890,20414.170 14904.160,20656.910 14926.230,20701.051 14970.360,20921.721 14970.360,21318.920 14926.230,21495.461 14882.090,21649.930 14793.820,21892.670 14727.620,22047.141 14617.290,22378.141 14573.160,22466.410 14529.020,22576.750 14440.750,22753.279 14396.620,22885.689 14330.420,23040.160 14286.280,23128.420 14242.150,23238.760 14220.080,23304.961 14198.010,23349.100 14131.810,23437.359 14087.680,23547.699 13822.870,23856.641 13668.400,24055.240 13513.940,24187.641 13469.800,24253.840 13293.260,24430.381 13138.790,24584.850 13072.590,24628.990 12984.330,24717.250 12940.190,24717.250 12896.060,24739.320 12873.990,24739.320 12807.790,24761.391 12101.640,24761.391 11969.240,24717.250 11925.110,24695.189 11880.970,24695.189 11836.840,24651.051 11814.770,24606.920 11814.770,24562.779 11792.700,24540.721 11792.700,24408.320 11814.770,24297.980 11836.840,24253.840 11903.040,24165.580 11925.110,24121.439 12013.370,24033.170 12211.980,23900.770 12278.180,23834.570 12454.720,23702.170 12542.980,23658.029 12631.250,23569.770 12697.450,23525.631 13050.530,23172.561 13072.590,23128.420 13138.790,23084.289 13160.860,23062.221 13160.860,23040.160 13182.930,23018.090 13204.990,23018.090 13204.990,22996.020 13227.060,22996.020 13249.130,22973.949 13271.200,22929.820 13293.260,22929.820 13315.330,22907.750 13359.470,22841.551 13381.530,22841.551 13381.530,22819.490 13469.800,22731.221 13491.870,22687.080 13513.940,22665.010 13536.000,22620.881 13558.070,22554.680 13580.140,22532.609 13580.140,22444.340 13558.070,22378.141 13491.870,22334.010 13425.670,22311.939 13359.470,22267.811 13204.990,22201.609 13072.590,22069.199 13028.460,21958.869 12940.190,21782.330 12896.060,21672.000 12829.860,21539.590 12785.720,21473.391 12741.590,21340.990 12719.520,21318.920 12675.380,21208.590 12587.120,21032.051 12520.920,20965.850 12432.650,20899.650 12344.380,20855.510 12322.310,20833.449 12234.040,20811.381 12145.770,20767.250 12013.370,20723.109 12013.370,20701.051 11925.110,20701.051 11792.700,20634.840 11682.370,20568.641 11461.700,20458.311 11285.160,20414.170 11130.690,20370.039 11042.420,20347.971 9806.670,20347.971 9718.400,20325.900 9652.200,20281.770 9541.860,20259.699 9453.590,20215.570 9387.390,20171.439 9299.120,20127.301 9210.850,20105.230 9012.250,19972.830 8968.120,19950.760 8901.910,19884.561 8857.780,19862.500 8747.450,19752.160 8681.240,19708.029 8504.710,19531.490 8460.570,19509.420 8416.440,19465.289 8394.370,19465.289 8350.240,19421.150 8328.170,19377.020 8284.040,19377.020 8284.040,19354.949 8217.840,19354.949 8041.300,19266.680 7975.100,19222.551 7953.030,19222.551 7864.760,19200.480 7776.490,19134.279 7710.290,19112.221 7644.090,19068.080 7577.890,19001.881 7489.620,18957.750 7423.420,18913.609 7335.150,18847.410 7224.820,18781.211 7092.410,18670.869 6937.940,18582.609 6827.610,18494.340 6695.210,18428.141 6584.870,18361.930 6518.670,18317.801 6474.540,18317.801 6342.130,18251.600 6231.800,18163.330 6121.460,18119.199 6033.190,18053.000 5944.930,18030.930 5856.660,17942.660 5790.460,17920.590 5768.390,17876.461 5569.790,17721.990 5525.650,17699.920 5459.450,17655.789 5459.450,17633.721 5415.320,17633.721 5371.180,17589.590 5327.050,17523.391 5282.910,17435.119 5238.780,17390.980 5216.710,17346.850 5216.710,17302.711 5172.580,17258.580 5172.580,17126.180 5150.510,17082.039 5150.510,17059.980 5128.440,16993.779 5106.380,16949.641 5106.380,16883.439 5150.510,16795.170 5282.910,16640.699 5349.110,16552.430 5371.180,16508.301 5437.380,16464.170 5613.920,16309.700 5680.120,16243.490 5724.250,16177.290 5790.460,16133.160 5900.790,16044.890 5966.990,16000.760 6011.130,15978.690 6121.460,15890.420 6187.660,15846.290 6231.800,15824.220 6320.070,15735.950 6408.330,15691.820 6452.470,15647.680 6496.600,15625.620 6540.740,15581.480 6584.870,15515.280 6849.680,15250.480 6937.940,15184.270 7048.280,15073.940 7092.410,15051.870 7291.020,14831.200 7533.760,14610.530 7710.290,14478.130 7820.630,14478.130 7820.630,14500.200 7864.760,14522.260 7886.830,14522.260 7908.900,14544.330 7930.960,14544.330 7953.030,14566.400",-1,-1,-1,-1,-1,-1,-1
8756,"undefined","Tumour necrosis","Label","",7919.65315944821,21329.510021494723,-1,-1,-1,-1,-1
8757,"undefined","FT with STIC/STIL","Polyline","17699.301,15039.570 18299.000,15011.680 18501.221,15011.680 18570.949,15025.620 18682.520,15060.490 18787.119,15102.330 18954.480,15179.030 19093.939,15234.820 19177.619,15276.660 19317.080,15339.420 19484.439,15444.020 19819.160,15695.050 19951.650,15799.650 20056.250,15904.250 20077.170,15932.140 20223.600,16078.580 20265.439,16148.310 20321.230,16225.020 20377.010,16315.670 20446.750,16462.100 20586.211,16873.520 20635.020,17054.830 20683.830,17215.211 20725.670,17410.461 20746.590,17473.221 20767.510,17570.850 20781.461,17598.740 20802.381,17654.520 20823.301,17717.279 20837.250,17773.070 20872.109,17863.721 20886.061,17891.609 20900.000,17954.369 20913.949,17989.240 20927.900,18052.000 20941.840,18086.859 20948.820,18135.680 20948.820,18310.010 20934.869,18428.551 20886.061,18700.510 20858.170,18784.189 20823.301,18874.840 20781.461,19014.301 20676.859,19272.311 20655.939,19349.020 20621.080,19418.750 20558.320,19593.080 20502.529,19711.619 20453.721,19837.141 20390.961,19955.689 20363.070,19990.551 20328.199,20053.311 20258.471,20157.910 20195.711,20234.609 20098.080,20304.350 19944.670,20381.051 19826.131,20422.891 19644.830,20478.680 19491.420,20506.570 19372.869,20513.539 19226.430,20527.490 18787.119,20548.410 18543.061,20548.410 18222.289,20534.461 18124.660,20527.490 18027.039,20513.539 17943.359,20506.570 17880.600,20506.570 17817.840,20499.600 17720.221,20471.699 17671.410,20450.779 17531.939,20381.051 17490.100,20346.189 17329.721,20241.590 17127.500,20130.020 17057.760,20088.180 17008.949,20053.311 16967.109,20011.471 16953.160,20004.500 16918.301,19948.711 16883.430,19906.869 16862.510,19865.029 16820.670,19809.250 16771.859,19725.570 16709.100,19565.189 16702.131,19516.369 16681.211,19188.631 16681.211,18881.811 16702.131,18310.010 16702.131,18156.600 16709.100,18038.051 16709.100,17884.641 16723.051,17675.439 16723.051,17549.930 16730.020,17487.170 16730.020,17243.100 16737.000,17180.350 16743.971,17159.430 16750.939,17089.689 16750.939,17047.859 16771.859,16964.180 16778.830,16915.359 16799.750,16817.740 16820.670,16741.029 16876.461,16573.680 16904.350,16455.131 16925.270,16392.369 16981.061,16259.880 16995.000,16218.040 17036.840,16134.360 17050.789,16085.550 17099.600,15987.930 17134.471,15890.300 17176.311,15820.570 17190.250,15785.700 17225.119,15715.970 17253.010,15646.240 17287.881,15583.480 17294.850,15555.590 17385.500,15388.230 17483.131,15234.820 17580.750,15130.220 17685.350,15060.490 17762.061,15025.620 17796.920,15025.620 17824.820,15018.650 18089.801,15018.650 18096.770,15025.620",-1,-1,-1,-1,-1,-1,-1
8758,"undefined","FT with unusual p53/atypia","Label","",18431.196672705362,18214.854735399,-1,-1,-1,-1,-1
8759,"undefined","Invasive carcinoma (solid/cellular)","Polyline","14431.180,13419.150 14537.210,13475.280 14630.760,13497.110 14661.950,13509.580 14683.780,13525.180 14746.140,13596.900 14777.330,13646.800 14799.160,13668.620 14817.870,13693.570 14849.050,13724.760 14880.240,13749.700 14908.300,13762.180 15029.920,13755.940 15210.790,13740.350 15263.800,13721.640 15282.520,13702.930 15335.530,13615.610 15348.000,13581.310 15360.480,13562.600 15401.020,13478.400 15404.130,13465.930 15438.440,13416.030 15650.490,13185.270 15666.080,13172.790 15681.680,13172.790 15697.270,13179.030 15737.810,13222.690 15756.520,13263.230 15762.760,13303.770 15762.760,13397.320 15756.520,13475.280 15740.930,13565.720 15706.620,13677.980 15697.270,13696.690 15687.910,13737.230 15638.020,13855.730 15628.660,13886.910 15619.310,13943.050 15619.310,13999.180 15616.190,14030.360 15619.310,14261.130 15628.660,14311.020 15647.370,14354.680 15647.370,14392.100 15638.020,14417.050 15578.770,14495.010 15525.750,14554.260 15472.740,14619.750 15413.490,14700.830 15410.370,14713.300 15382.310,14756.960 15363.590,14775.670 15294.990,14806.850 15288.750,14813.090 15238.860,14831.800 15195.200,14838.040 15101.650,14838.040 15095.410,14828.680 15086.050,14822.450 15073.580,14772.550 15067.340,14760.080 15061.110,14719.540 15061.110,14476.300 15051.750,14457.590 14951.960,14404.580 14927.010,14385.870 14892.710,14348.440 14842.820,14286.080 14808.510,14251.770 14767.970,14217.470 14705.600,14180.050 14674.420,14170.690 14596.460,14127.030 14527.850,14067.780 14484.200,14067.780 14471.720,14074.020 14356.340,14089.610 14287.730,14089.610 14256.550,14083.380 14159.880,14033.480 14113.100,13992.940 14088.150,13958.640 14072.560,13911.860 14063.210,13871.320 14060.090,13827.660 14060.090,13743.470 14075.680,13665.510 14091.270,13640.560 14100.630,13609.370 14113.100,13590.660 14141.170,13565.720 14200.420,13528.290 14259.670,13484.640 14278.380,13475.280 14315.800,13469.040 14362.580,13465.930 14440.540,13465.930 14453.010,13462.810 14515.380,13462.810 14537.210,13459.690 14546.560,13469.040 14580.870,13487.750",-1,-1,-1,-1,-1,-1,-1
8760,"undefined","Invasive carcinoma (solid/cellular)","Polyline","13286.240,14456.810 13286.240,14451.870 13325.820,14397.440 13370.350,14382.600 13444.570,14377.650 13593.010,14377.650 13617.750,14367.750 13637.540,14367.750 13667.230,14357.860 13691.970,14357.860 13716.710,14352.910 13785.980,14352.910 13800.820,14357.860 13815.670,14367.750 13835.460,14372.700 13855.250,14387.540 13879.990,14397.440 13904.730,14422.180 13909.680,14422.180 13919.570,14432.070 13924.520,14432.070 13924.520,14437.020 14038.320,14437.020 14058.120,14432.070 14077.910,14422.180 14097.700,14422.180 14122.440,14417.230 14152.130,14407.330 14280.770,14407.330 14325.300,14427.130 14364.890,14471.660 14364.890,14476.610 14369.840,14476.610 14379.730,14506.290 14389.630,14516.190 14419.310,14580.510 14429.210,14590.410 14434.160,14610.200 14444.050,14620.100 14449.000,14639.890 14488.590,14704.210 14493.530,14719.050 14503.430,14728.950 14503.430,14743.790 14508.380,14753.690 14528.170,14778.430 14533.120,14798.220 14547.960,14813.070 14547.960,14822.960 14582.600,14877.390 14602.390,14921.920 14612.280,14936.760 14627.130,14976.350 14632.080,14976.350 14646.920,15010.980 14656.810,15020.880 14671.660,15045.620 14691.450,15065.410 14696.400,15075.300 14726.090,15100.040 14726.090,15104.990 14765.670,15119.840 14825.040,15119.840 14839.890,15114.890 14884.420,15109.940 14919.050,15100.040 14953.690,15085.200 14968.530,15085.200 14988.330,15080.250 15047.700,15080.250 15092.230,15085.200 15146.660,15134.680 15156.560,15139.630 15166.450,15174.260 15176.350,15184.160 15191.190,15258.380 15191.190,15278.170 15206.030,15352.390 15215.930,15426.610 15225.830,15446.400 15245.620,15520.620 15270.360,15594.840 15275.310,15599.790 15295.100,15649.260 15324.780,15753.170 15334.680,15772.960 15334.680,15847.180 15324.780,15881.820 15290.150,15965.930 15240.670,16040.150 15215.930,16069.840 15196.140,16084.680 15156.560,16124.270 15097.180,16163.850 14993.270,16213.330 14854.730,16267.760 14706.290,16287.550 14627.130,16307.340 14612.280,16307.340 14587.540,16317.230 14503.430,16327.130 14488.590,16332.080 14424.260,16332.080 14409.420,16337.030 14300.560,16337.030 14231.290,16292.490 14157.070,16218.280 14107.590,16158.900 14043.270,16054.990 14028.430,16025.310 13988.840,15970.880 13899.780,15881.820 13800.820,15817.490 13761.240,15787.810 13588.060,15614.630 13454.470,15471.140 13439.620,15446.400 13404.990,15401.870 13370.350,15337.550 13355.510,15317.750 13350.560,15293.010 13335.720,15268.270 13320.870,15218.790 13301.080,14961.500 13301.080,14793.270 13296.140,14778.430 13291.190,14743.790 13291.190,14714.110 13286.240,14694.310 13286.240,14605.250 13281.290,14590.410 13281.290,14471.660 13286.240,14466.710 13286.240,14456.810 13296.140,14446.920 13296.140,14437.020 13301.080,14432.070 13306.030,14432.070 13306.030,14427.130 13315.930,14417.230 13315.930,14412.280 13320.870,14412.280 13320.870,14407.330 13325.820,14407.330 13325.820,14402.390 13330.770,14397.440 13335.720,14397.440 13335.720,14392.490",-1,-1,-1,-1,-1,-1,-1
8761,"undefined","Invasive carcinoma (infiltrative/fibrotic)","Polyline","10981.510,13912.380 10997.090,13887.450 11046.950,13825.130 11156.020,13740.990 11230.810,13697.360 11274.440,13681.780 11302.490,13675.550 11367.930,13675.550 11414.670,13688.010 11458.300,13694.240 11495.700,13703.590 11660.860,13756.570 11810.440,13822.010 11944.440,13871.870 11988.070,13884.340 12019.230,13899.920 12047.280,13906.150 12072.210,13918.620 12178.160,13952.900 12243.600,13980.940 12312.160,14021.450 12337.090,14040.150 12411.880,14124.290 12424.350,14152.340 12427.470,14174.150 12427.470,14242.710 12424.350,14258.290 12411.880,14289.450 12380.720,14336.200 12349.560,14392.290 12330.860,14420.340 12271.650,14495.130 12243.600,14520.060 12206.210,14541.870 12178.160,14573.030 12140.770,14607.310 12059.740,14697.690 12056.630,14697.690 12053.510,14707.030 12041.050,14713.270 12022.350,14728.850 11984.950,14769.360 11869.650,14865.960 11826.020,14890.890 11773.050,14900.240 11604.770,14900.240 11558.020,14897.130 11480.120,14872.200 11414.670,14841.030 11392.860,14825.450 11299.370,14728.850 11171.600,14579.270 11124.860,14495.130 11053.190,14342.430 11006.440,14230.240 10993.980,14158.570 10984.630,14080.660 10984.630,13921.730 10987.740,13912.380 10987.740,13893.690 10990.860,13893.690 10990.860,13887.450 11006.440,13859.410 11018.910,13846.940",-1,-1,-1,-1,-1,-1,-1
8762,"undefined","STIC","Polyline","11343.160,11893.580 11380.530,11906.040 11473.960,11949.640 11514.440,11987.010 11517.550,11987.010 11517.550,12061.750 11508.210,12080.430 11492.640,12099.120 11461.500,12155.170 11424.130,12205.000 11392.990,12264.160 11380.530,12301.530 11368.080,12354.470 11352.500,12451.010 11315.140,12541.320 11308.910,12566.230 11296.450,12591.150 11280.880,12644.090 11277.770,12734.400 11293.340,12806.020 11302.680,12830.930 11321.360,12955.500 11324.480,12999.100 11324.480,13223.310 11308.910,13319.850 11299.560,13407.050 11274.650,13484.900 11268.420,13491.130 11262.200,13516.040 11246.620,13547.180 11243.510,13559.640 11231.050,13581.440 11203.030,13609.460 11162.540,13634.380 11125.170,13649.950 11090.920,13659.290 11037.980,13659.290 10950.780,13646.830 10935.210,13640.600 10925.870,13640.600 10925.870,13637.490 10910.300,13634.380 10863.590,13612.580 10851.130,13590.780 10851.130,13413.270 10869.820,13347.880 10907.190,13298.050 10994.380,13217.080 11025.520,13182.830 11062.890,13123.660 11078.460,13086.290 11081.580,13070.720 11084.690,13017.780 11084.690,12846.500 11075.350,12675.230 11069.120,12616.060 11056.660,12553.780 11044.210,12419.870 11044.210,12354.470 11053.550,12295.300 11062.890,12261.050 11103.380,12170.740 11175.000,12039.950 11224.830,11965.210 11237.280,11955.870 11262.200,11924.720 11336.930,11884.240 11374.300,11887.360 11399.220,11899.810 11402.330,11906.040",-1,-1,-1,-1,-1,-1,-1
8763,"undefined","STIC","Polyline","12902.760,9853.060 13145.460,9878.500 13196.340,9909.820 13245.280,9954.830 13249.190,9990.060 13251.150,10082.050 13241.360,10187.750 13227.660,10258.210 13233.530,10500.910 13221.790,10532.220 13208.090,10553.750 13166.990,10596.810 13127.840,10624.210 13082.820,10649.660 12963.430,10686.840 12896.890,10714.240 12847.950,10739.690 12724.650,10794.490 12669.850,10808.190 12630.700,10812.110 12411.490,10819.940 12247.080,10819.940 12031.780,10808.190 11994.600,10802.320 11904.560,10772.960 11875.200,10767.090 11853.670,10757.300 11836.060,10743.600 11816.490,10708.370 11812.570,10669.230 11828.230,10612.470 11851.720,10569.410 11884.990,10530.260 12010.250,10420.660 12076.800,10383.470 12117.900,10371.730 12153.130,10371.730 12176.620,10377.600 12270.570,10416.740 12313.630,10430.440 12370.390,10442.190 12599.380,10442.190 12705.080,10436.320 12744.220,10428.490 12826.430,10391.300 12851.870,10375.640 12920.370,10305.180 12959.520,10258.210 12973.220,10236.680 13010.410,10168.170 13016.280,10109.460 12992.790,10048.780 12983.000,10031.170 12861.660,9976.360 12838.170,9956.790 12818.600,9923.520 12820.550,9890.240 12824.470,9882.420 12853.830,9856.970 12912.540,9827.610 12967.350,9827.610 12986.920,9831.530 12998.660,9839.360 13033.890,9853.060 13061.290,9860.890 13096.520,9864.800 13108.270,9870.670 13121.970,9872.630",-1,-1,-1,-1,-1,-1,-1
8764,"undefined","Invasive carcinoma (solid/cellular)","Polyline","14130.090,8367.800 14130.090,8353.020 14135.020,8343.170 14169.510,8293.890 14204.000,8269.260 14228.640,8259.400 14258.200,8254.470 14292.700,8239.690 14327.190,8234.770 14332.120,8229.840 14351.830,8229.840 14376.460,8219.980 14420.810,8210.130 14460.230,8205.200 14524.280,8205.200 14573.560,8200.270 14790.360,8200.270 14790.360,8205.200 14849.490,8205.200 14948.040,8215.060 15061.370,8264.330 15095.860,8284.040 15140.210,8298.820 15204.260,8328.390 15238.760,8338.240 15292.960,8367.800 15302.810,8367.800 15322.520,8382.590 15366.870,8397.370 15406.290,8422.010 15440.780,8436.790 15450.630,8436.790 15465.420,8451.570 15470.340,8461.430 15549.180,8530.410 15578.750,8569.830 15583.670,8584.610 15608.310,8628.960 15613.240,8643.740 15618.160,8648.670 15667.440,8766.920 15667.440,8776.780 15677.290,8796.490 15692.080,8840.830 15692.080,8875.330 15697.000,8890.110 15701.930,8929.530 15701.930,9047.780 15697.000,9077.350 15657.580,9161.110 15623.090,9200.530 15618.160,9210.390 15544.250,9264.590 15455.560,9308.940 15435.850,9313.860 15322.520,9363.140 15199.340,9382.850 15150.060,9397.630 15095.860,9407.480 15061.370,9422.270 15021.950,9451.830 14928.330,9545.450 14923.400,9555.310 14908.620,9565.160 14859.350,9609.510 14829.780,9624.290 14775.580,9658.780 14736.160,9688.350 14691.820,9712.980 14662.250,9722.840 14637.610,9737.620 14617.900,9742.550 14519.360,9762.260 14258.200,9762.260 14208.930,9752.400 14164.580,9747.470 14056.180,9717.910 14031.540,9703.130 13942.850,9673.560 13888.650,9648.930 13873.870,9639.070 13809.810,9614.430 13785.180,9609.510 13765.470,9594.730 13745.760,9589.800 13716.190,9570.090 13711.260,9570.090 13681.700,9540.520 13681.700,9535.600 13657.060,9496.180 13652.140,9476.470 13637.350,9446.900 13632.430,9427.190 13632.430,9412.410 13627.500,9407.480 13607.790,9244.880 13607.790,9175.900 13602.860,9146.330 13602.860,8919.670 13632.430,8781.710 13642.280,8766.920 13661.990,8707.790 13671.850,8697.940 13676.770,8683.160 13706.340,8628.960 13735.900,8599.390 13740.830,8589.540 13780.250,8545.190 13790.100,8540.260 13804.880,8520.550 13834.450,8495.920 13873.870,8466.350 13898.510,8456.500 13898.510,8451.570 13952.710,8422.010 14144.880,8328.390 14149.800,8328.390 14159.660,8318.530 14174.440,8313.600 14199.080,8293.890 14204.000,8293.890 14213.860,8284.040 14223.710,8284.040 14223.710,8279.110 14248.350,8264.330",-1,-1,-1,-1,-1,-1,-1
8765,"undefined","Invasive carcinoma (solid/cellular)","Polyline","20997.180,12729.670 20999.641,12729.670 21056.260,12611.490 21120.270,12508.090 21250.760,12426.840 21356.631,12421.920 21511.730,12473.620 21541.270,12490.850 21770.240,12660.730 22016.439,12936.470 22132.150,13044.800 22294.641,13209.750 22309.420,13229.450 22370.961,13286.070 22405.430,13347.620 22407.891,13359.930 22437.439,13428.870 22449.750,13497.810 22452.211,13547.050 22447.289,13551.970 22447.289,13556.890 22427.590,13583.980 22410.359,13601.210 22402.971,13603.670 22393.119,13613.520 22356.189,13628.290 22346.340,13628.290 22334.039,13633.210 22114.920,13630.750 22031.211,13650.450 21967.199,13670.140 21900.730,13697.230 21888.420,13699.690 21831.789,13729.230 21804.711,13746.470 21735.770,13800.630 21711.150,13817.860 21698.840,13822.790 21642.221,13832.640 21642.221,13835.100 21560.971,13835.100 21531.430,13832.640 21511.730,13827.710 21499.420,13820.330 21467.420,13795.710 21437.869,13756.310 21398.480,13662.760 21398.480,13652.910 21366.471,13549.510 21349.240,13428.870 21329.539,13327.930 21319.699,13305.770 21285.230,13246.680 21277.840,13226.990 21260.609,13204.830 21223.680,13138.360 21179.359,13047.260 21144.891,12993.100 21110.430,12946.320 21098.119,12916.780 21031.641,12818.300 21029.180,12805.990 21007.020,12766.600 20997.180,12729.670 20997.180,12695.200 21029.180,12658.270 21029.180,12653.340 21034.109,12650.880",-1,-1,-1,-1,-1,-1,-1
8766,"undefined","Invasive carcinoma (solid/cellular)","Polyline","23434.760,10344.380 23484.000,10339.460 23528.320,10329.610 23685.881,10329.610 23685.881,10334.530 23700.650,10339.460 23720.350,10354.230 23730.199,10354.230 23754.820,10369.000 23764.670,10369.000 23779.439,10378.850 23779.439,10388.700 23799.131,10398.550 23808.980,10398.550 23813.910,10408.390 23818.830,10408.390 23823.750,10413.320 23868.070,10516.720 23868.070,10531.490 23872.990,10546.270 23872.990,10580.730 23877.920,10585.660 23877.920,10679.210 23872.990,10684.140 23868.070,10703.830 23863.150,10703.830 23858.221,10718.600 23853.301,10723.530 23853.301,10733.380 23833.600,10762.920 23833.600,10772.770 23823.750,10787.540 23813.910,10812.160 23794.211,10841.700 23794.211,10851.550 23789.289,10856.480 23774.510,10890.940 23730.199,10920.490 23705.580,10930.340 23700.650,10935.260 23602.170,10969.730 23577.561,10974.650 23572.631,10979.580 23474.150,10979.580 23464.301,10974.650 23419.990,10964.800 23415.061,10959.880 23395.369,10954.960 23365.820,10930.340 23341.199,10915.560 23331.359,10910.640 23321.510,10910.640 23311.660,10895.870 23291.961,10876.170 23272.270,10841.700 23262.420,10831.860 23252.570,10807.240 23252.570,10792.460 23242.721,10777.690 23237.801,10728.450 23232.881,10723.530 23232.881,10708.760 23227.949,10693.990 23227.949,10575.810 23252.570,10521.650 23262.420,10506.870 23262.420,10501.950 23277.189,10482.250 23277.189,10477.330 23296.891,10452.710 23326.430,10433.010 23346.131,10408.390 23355.980,10403.470 23370.750,10388.700 23385.520,10378.850 23390.439,10378.850 23410.141,10364.080 23434.760,10354.230 23444.609,10354.230 23444.609,10349.310 23459.381,10344.380 23498.770,10339.460 23508.619,10334.530 23518.471,10334.530 23523.391,10329.610 23543.090,10329.610 23543.090,10324.690",-1,-1,-1,-1,-1,-1,-1
8767,"undefined","STIC","Polyline","14980.530,5080.080 15118.400,5048.070 15283.350,5048.070 15310.430,5050.540 15330.130,5055.460 15347.360,5065.310 15438.460,5141.630 15477.850,5166.250 15517.240,5198.260 15556.630,5220.410 15667.420,5220.410 15719.120,5210.570 15765.900,5193.330 15790.520,5188.410 15852.070,5183.480 15948.090,5183.480 16012.100,5173.640 16145.050,5173.640 16194.290,5183.480 16243.530,5185.950 16253.370,5190.870 16317.390,5205.640 16386.320,5217.950 16524.189,5264.730 16531.580,5264.730 16568.510,5281.960 16575.891,5281.960 16600.510,5294.270 16718.689,5370.600 16777.779,5419.830 16797.471,5432.140 16831.939,5469.070 16844.250,5493.690 16854.100,5530.620 16854.100,5565.090 16844.250,5577.400 16831.939,5584.790 16814.711,5584.790 16743.311,5540.470 16716.230,5530.620 16630.061,5488.770 16612.820,5483.850 16605.439,5476.460 16553.740,5444.450 16465.109,5407.520 16393.711,5385.370 16310.000,5368.130 16211.520,5338.590 16058.880,5301.660 15923.470,5299.200 15889.000,5304.120 15861.920,5304.120 15847.150,5309.050 15743.740,5316.430 15684.660,5343.510 15647.730,5373.060 15628.030,5380.440 15605.870,5397.680 15605.870,5405.060 15613.260,5412.450 15635.420,5417.370 15716.660,5449.380 15721.580,5454.300 15731.430,5456.760 15746.200,5474.000 15751.130,5491.230 15751.130,5525.700 15731.430,5555.240 15701.890,5582.330 15652.650,5606.950 15610.800,5619.260 15600.950,5626.640 15566.480,5641.410 15475.390,5702.960 15435.990,5720.200 15389.220,5732.510 15347.360,5734.970 15251.350,5737.430 15219.340,5732.510 15138.090,5700.500 15093.780,5653.720 15083.930,5634.030 15079.010,5555.240 15074.080,5535.550 15027.300,5441.990 14997.760,5402.600 14975.600,5365.670 14970.680,5363.210 14953.440,5328.740 14936.210,5279.500 14933.750,5245.030 14931.290,5242.570 14931.290,5166.250 14933.750,5151.480 14955.910,5092.390 14970.680,5077.620 14995.300,5070.230 15047.000,5070.230",-1,-1,-1,-1,-1,-1,-1
8768,"undefined","Invasive carcinoma (Solid/Cellular)","Polyline","14653.820,843.700 14755.450,843.700 14872.720,828.060 15036.910,820.240 15169.810,820.240 15247.990,828.060 15271.450,835.880 15294.900,851.510 15373.080,867.150 15388.720,874.970 15451.270,882.790 15490.360,898.420 15521.630,906.240 15537.270,914.060 15552.900,914.060 15615.450,937.510 15646.720,953.150 15646.720,960.970 15701.450,1007.880 15756.170,1093.880 15795.260,1187.690 15795.260,1273.690 15803.080,1359.690 15803.080,1719.330 15795.260,1774.050 15795.260,1836.600 15787.450,1906.960 15756.170,2125.870 15756.170,2290.050 15748.350,2352.600 15740.540,2524.590 15732.720,2610.590 15732.720,2657.500 15717.080,2806.050 15717.080,2931.140 15709.260,3009.320 15685.810,3126.590 15654.540,3212.590 15638.900,3236.040 15607.630,3314.230 15552.900,3423.680 15498.170,3494.040 15459.080,3564.410 15443.450,3580.040 15427.810,3611.310 15326.180,3783.310 15294.900,3822.400 15232.360,3939.680 15224.540,3963.130 15201.090,3994.400 15154.180,4072.580 15154.180,4096.040 15138.540,4111.680 15107.270,4158.580 15091.630,4189.860 15044.720,4244.580 14997.810,4307.130 14943.090,4361.860 14919.630,4393.130 14841.450,4471.310 14810.180,4510.400 14771.090,4541.670 14747.630,4565.130 14716.360,4588.580 14567.820,4674.580 14536.540,4682.400 14505.270,4698.040 14497.450,4705.850 14388.000,4729.310 14333.270,4729.310 14278.550,4737.130 14106.550,4737.130 14012.730,4713.670 13981.460,4698.040 13934.550,4690.220 13887.640,4658.940 13840.730,4635.490 13817.280,4612.040 13770.370,4549.490 13762.550,4526.040 13746.910,4502.580 13746.910,4494.760 13739.100,4486.950 13739.100,4479.130 13731.280,4463.490 13723.460,4463.490 13723.460,4447.850 13715.640,4447.850 13715.640,4432.220 13700.000,4408.760 13700.000,4400.950 13660.910,4338.400 13637.460,4283.670 13582.730,4189.860 13574.910,4158.580 13559.280,4142.950 13543.640,4111.680 13528.010,4096.040 13512.370,4056.950 13496.730,4049.130 13488.920,4017.860 13473.280,4002.220 13449.820,3963.130 13426.370,3939.680 13402.920,3908.400 13402.920,3900.590 13379.460,3877.130 13379.460,3869.310 13363.820,3838.040 13348.190,3830.220 13324.730,3783.310 13324.730,3775.500 13293.460,3705.130 13285.640,3697.310 13262.190,3634.770 13254.370,3634.770 13238.730,3556.590 13223.100,3501.860 13215.280,3454.950 13215.280,3392.410 13199.640,3212.590 13199.640,3134.410 13207.460,3079.680 13230.920,3017.140 13246.550,2923.320 13277.830,2813.870 13285.640,2766.960 13332.550,2626.230 13340.370,2610.590 13363.820,2532.410 13387.280,2485.500 13402.920,2438.590 13442.010,2360.410 13504.550,2211.870 13614.000,1969.510 13637.460,1938.230 13645.280,1899.140 13684.370,1852.240 13700.000,1805.330 13786.000,1656.780 13832.910,1594.240 13872.000,1555.150 13879.820,1531.690 14184.730,1226.780 14239.460,1179.880 14317.640,1125.150 14333.270,1101.690 14395.820,1054.790 14450.550,1000.060 14458.360,1000.060 14489.640,968.790 14505.270,960.970 14505.270,953.150 14520.910,953.150 14520.910,945.330 14536.540,945.330 14544.360,929.700 14560.000,929.700 14560.000,921.880 14583.450,921.880 14591.270,914.060 14622.540,898.420 14630.360,890.600 14669.450,882.790 14700.730,867.150 14732.000,859.330 14747.630,859.330 14763.270,851.510 14794.540,851.510 14818.000,843.700 14849.270,843.700 14872.720,835.880 14888.360,835.880 14896.180,828.060 14927.450,828.060 14943.090,820.240 14974.360,820.240",-1,-1,-1,-1,-1,-1,-1
8769,"undefined","Normal Fallopian Tube (cross-section)","Polyline","18508.529,2493.330 18543.020,2463.770 19065.320,1961.170 19109.670,1921.760 19193.430,1818.280 19223.000,1759.150 19272.270,1675.390 19306.760,1635.970 19321.539,1626.110 19429.949,1522.640 19577.770,1429.020 19587.619,1419.160 19666.461,1379.740 19686.170,1364.960 19769.939,1325.540 19779.789,1315.690 19863.561,1276.270 19883.270,1271.340 19922.689,1251.630 19957.180,1241.780 20134.561,1148.150 20218.330,1108.740 20247.891,1098.880 20331.660,1084.100 20425.279,1054.530 20489.340,1039.750 20553.391,1029.900 20647.010,1024.970 20666.721,1020.040 20794.830,1020.040 20868.750,1024.970 20927.869,1034.820 21016.570,1064.390 21036.279,1069.320 21095.410,1074.240 21124.971,1084.100 21154.529,1089.030 21203.811,1103.810 21213.660,1103.810 21292.500,1133.370 21307.279,1133.370 21322.070,1143.230 21376.270,1162.940 21489.600,1212.210 21593.070,1266.410 21662.061,1295.980 21775.391,1355.110 21809.881,1369.890 21982.340,1473.360 22036.539,1517.710 22056.250,1542.350 22080.881,1586.690 22140.010,1744.370 22154.789,1773.930 22189.289,1877.410 22209.000,1931.610 22233.631,1985.810 22263.199,2079.430 22273.051,2099.140 22277.980,2143.490 22287.830,2173.050 22287.830,2202.620 22307.539,2311.020 22307.539,2458.840 22292.760,2532.750 22277.980,2572.170 22248.410,2641.150 22204.070,2724.920 22144.939,2818.540 22056.250,2946.650 21947.840,3094.470 21800.020,3257.080 21726.109,3326.060 21568.439,3493.590 21479.740,3597.070 21430.471,3641.410 21420.609,3661.120 21395.980,3680.830 21331.920,3759.670 21272.789,3823.730 21169.320,3922.280 21159.461,3937.060 21100.330,3991.260 21006.711,4070.100 20927.869,4129.230 20878.600,4158.790 20853.961,4168.650 20834.250,4183.430 20775.131,4203.140 20730.779,4212.990 20469.631,4247.480 20351.369,4281.980 20336.590,4281.980 20321.811,4291.830 20302.100,4291.830 20297.170,4296.760 20223.260,4306.610 20075.439,4306.610 20006.449,4296.760 19922.689,4272.120 19843.850,4242.560 19833.990,4232.700 19755.160,4178.500 19700.949,4114.440 19686.170,4089.810 19651.680,4015.900 19622.119,3966.620 19592.551,3892.710 19528.500,3779.380 19513.711,3739.960 19469.369,3646.340 19454.580,3626.630 19395.461,3493.590 19380.670,3478.810 19356.039,3429.540 19277.199,3306.350 19257.490,3286.640 19183.580,3197.950 19149.090,3163.460 19129.381,3133.890 19114.590,3124.040 19040.680,3030.420 18996.340,2986.070 18971.699,2971.290 18902.721,2897.380 18858.369,2862.890 18843.590,2843.180 18814.020,2818.540 18754.891,2784.050 18710.551,2764.340 18680.980,2739.700 18631.711,2719.990 18631.711,2715.070 18616.930,2710.140 18607.070,2700.280 18592.289,2695.360 18592.289,2690.430 18587.359,2690.430 18567.650,2660.860 18562.730,2641.150 18552.869,2621.440 18552.869,2508.110 18567.650,2473.620 18577.510,2468.700 18597.221,2424.350 18602.150,2424.350 18607.070,2414.490 18607.070,2409.570 18612.000,2409.570 18626.779,2389.860 18641.561,2380.000 18666.199,2355.370 18676.061,2335.660 18680.980,2330.730 18685.910,2330.730 18685.910,2325.800 18690.840,2325.800 18695.770,2311.020 18715.480,2296.240 18725.330,2276.530 18730.260,2276.530 18730.260,2271.600 18740.109,2261.750 18745.039,2261.750 18764.750,2237.110 18779.529,2232.180 18779.529,2227.250",-1,-1,-1,-1,-1,-1,-1
8770,"undefined","Tumour Necrosis","Polyline","37760.621,12319.270 37839.621,12260.020 38056.879,12082.260 38333.391,11944.010 38432.141,11884.750 38669.141,11766.250 38688.898,11746.500 38787.648,11707.000 38827.148,11707.000 38906.148,11667.500 38965.398,11667.500 39241.910,11628.000 39281.410,11628.000 39478.922,11608.250 39755.430,11608.250 40012.180,11647.750 40209.691,11647.750 40268.941,11687.250 40288.691,11687.250 40367.691,11726.750 40426.949,11786.000 40426.949,11805.750 40486.199,11865.000 40525.699,11924.260 40525.699,11963.760 40545.449,11983.510 40565.199,12023.010 40584.949,12023.010 40584.949,12062.510 40604.699,12062.510 40604.699,12102.010 40624.449,12121.760 40644.199,12161.260 40683.699,12279.770 40683.699,12299.520 40703.461,12319.270 40703.461,12339.020 40742.961,12418.020 40742.961,13741.310 40723.211,13899.310 40723.211,14057.320 40703.461,14077.070 40683.699,14175.820 40683.699,14333.830 40663.949,14393.080 40663.949,14472.080 40644.199,14531.330 40644.199,14590.590 40624.449,14630.090 40624.449,14709.090 40604.699,14748.590 40604.699,14847.340 40584.949,14906.590 40565.199,14946.100 40565.199,15005.350 40525.699,15123.850 40505.949,15163.350 40505.949,15222.600 40486.199,15301.610 40486.199,15360.860 40466.449,15400.360 40466.449,15538.610 40446.699,15617.620 40446.699,15775.620 40426.949,15854.620 40426.949,15874.370 40407.199,15992.880 40367.691,16091.630 40328.191,16170.630 40328.191,16210.130 40288.691,16308.890 40268.941,16348.390 40130.691,16545.891 40110.941,16565.641 40031.941,16684.150 39933.180,16782.900 39794.930,16940.910 39597.422,17138.410 39419.672,17355.670 39301.160,17474.170 39222.160,17572.920 39103.660,17691.430 39103.660,17711.180 38767.898,18046.939 38669.141,18125.939 38609.891,18185.189 38511.141,18264.199 38254.379,18422.199 38175.379,18481.449 38056.879,18540.699 37958.121,18619.711 37760.621,18757.961 37543.359,18935.721 37405.109,19034.471 37286.602,19113.471 37089.102,19251.721 36931.090,19370.230 36733.590,19449.230 36496.578,19607.230 36101.570,19784.990 35765.809,19943.000 35667.059,20002.250 35548.551,20041.750 35509.051,20081.250 35410.301,20120.750 35252.289,20199.750 35153.539,20239.250 35035.039,20298.510 34975.781,20318.260 34857.281,20377.510 34798.031,20397.260 34738.781,20436.760 34659.781,20476.260 34600.520,20496.010 34541.270,20535.510 34521.520,20535.510 34442.520,20555.260 34324.012,20575.010 34284.512,20575.010 34106.762,20594.770 33593.238,20594.770 33553.738,20575.010 33494.488,20555.260 33415.488,20535.510 33059.980,20357.760 33059.980,20338.010 33020.469,20298.510 33000.730,20259.000 32941.469,20199.750 32941.469,20180.000 32842.719,20081.250 32842.719,20041.750 32684.721,19883.740 32625.461,19804.740 32566.211,19765.240 32546.461,19725.740 32506.961,19666.490 32487.211,19646.740 32487.211,19626.990 32447.711,19567.730 32408.211,19528.230 32309.449,19350.480 32250.199,19251.721 32230.449,19231.971 32190.949,19152.971 32151.449,19133.221 32131.699,19093.721 32111.949,19093.721 32092.199,19073.971 32092.199,19054.221 32052.699,19034.471 31973.689,18975.221 31953.939,18935.721 31953.939,18915.961 31934.189,18915.961 31934.189,18896.211 31894.689,18896.211 31894.689,18856.711 31874.939,18856.711 31874.939,18836.961 31855.189,18836.961 31855.189,18817.211 31815.689,18817.211 31815.689,18777.711 31795.939,18777.711 31795.939,18757.961 31776.189,18757.961 31756.439,18738.211 31736.689,18738.211 31736.689,18718.461 31716.939,18698.711 31697.189,18698.711 31697.189,18678.961 31618.180,18599.949 31578.680,18540.699 31539.180,18520.949 31519.430,18501.199 31519.430,18481.449 31499.680,18441.949 31499.680,18402.449 31460.180,18362.949 31460.180,18343.199 31440.430,18283.949 31440.430,18264.199 31420.680,18244.439 31420.680,17750.680 31440.430,17651.930 31479.930,17612.430 31499.680,17533.420 31539.180,17454.420 31578.680,17434.670 31618.180,17335.920 31756.439,17158.160 31835.439,17039.660 31855.189,17039.660 31993.449,16881.650 32171.199,16723.650 32250.199,16644.650 32408.211,16545.891 32427.961,16526.141 32664.961,16368.140 32724.221,16348.390 32941.469,16229.880 32980.969,16190.380 33178.480,16071.880 33415.488,15933.620 33514.238,15894.120 33593.238,15834.870 33652.500,15795.370 33751.250,15755.870 33929.000,15637.370 34008.012,15597.870 34087.012,15538.610 34205.512,15459.610 34304.262,15420.110 34561.020,15242.350 34659.781,15163.350 35015.289,14906.590 35133.789,14827.590 35272.039,14728.840 35311.539,14689.340 35706.559,14353.580 35963.309,14096.820 36042.320,14037.570 36220.070,13859.810 36239.820,13820.310 36417.578,13682.060 36536.078,13563.550 36595.328,13484.550 36852.090,13227.790 36931.090,13129.040 36970.590,13089.540 37049.602,13030.290 37128.602,12951.290 37168.102,12892.030 37306.352,12714.280 37345.852,12694.530 37464.359,12576.030 37523.609,12536.520 37543.359,12497.020 37622.359,12437.770 37661.859,12398.270 37701.371,12378.520 37760.621,12339.020 37760.621,12319.270 37800.121,12299.520 37839.621,12260.020 37839.621,12240.260 37859.371,12240.260 37898.871,12200.760 37938.371,12181.010 37938.371,12161.260 37977.871,12161.260 37977.871,12141.510 37997.621,12141.510 37997.621,12121.760 38017.379,12121.760 38017.379,12102.010",-1,-1,-1,-1,-1,-1,-1
8771,"undefined","Invasie cancer (infiltrative/Fibrotic)","Polyline","25738.760,7565.150 26177.801,7533.790 26334.590,7518.110 26804.980,7518.110 26852.020,7502.430 27055.859,7502.430 27118.580,7486.750 27212.650,7486.750 27291.051,7471.070 27588.971,7455.390 27871.199,7424.030 27918.240,7392.670 27965.279,7392.670 28012.320,7361.310 28059.359,7361.310 28153.430,7329.950 28169.109,7314.270 28216.150,7314.270 28216.150,7298.590 28278.869,7298.590 28310.230,7282.920 28514.070,7282.920 28592.471,7298.590 28686.539,7329.950 28717.900,7361.310 28764.939,7376.990 28780.619,7392.670 28827.660,7424.030 28843.340,7439.710 28874.699,7486.750 28953.100,7565.150 29203.971,7784.660 29266.689,7831.700 29298.051,7863.060 29360.770,7878.740 29423.490,7910.100 29439.170,7925.780 29486.211,7941.460 29501.891,7941.460 29548.930,7957.140 30082.029,7957.140 30129.070,7941.460 30207.471,7941.460 30238.830,7925.780 30254.510,7925.780 30411.311,7878.740 30474.029,7863.060 30568.109,7831.700 30615.141,7831.700 30662.180,7800.340 30740.580,7784.660 30850.340,7753.310 31054.170,7674.910 31132.570,7674.910 31273.689,7643.550 31634.320,7643.550 31822.480,7674.910 31885.199,7690.590 31979.279,7706.270 32089.029,7753.310 32277.189,7816.020 32386.949,7847.380 32512.381,7894.420 32543.740,7910.100 32684.859,7957.140 32794.621,7988.500 32841.660,8019.860 33014.129,8098.260 33061.172,8113.940 33076.852,8129.620 33123.891,8160.980 33139.570,8176.660 33170.930,8192.340 33202.289,8239.380 33265.012,8349.130 33265.012,8396.170 33296.371,8443.210 33359.090,8584.330 33390.449,8647.050 33421.809,8694.090 33421.809,8741.130 33453.160,8803.840 33453.160,8819.520 33468.840,8850.880 33500.199,8897.920 33500.199,8913.600 33515.879,8944.960 33547.238,9023.360 33562.922,9039.040 33594.281,9101.760 33609.961,9101.760 33641.320,9180.160 33672.680,9227.200 33751.078,9368.310 33766.762,9383.990 33798.121,9462.390 33813.801,9493.750 33845.160,9540.790 33907.879,9666.230 33939.238,9713.260 33939.238,9744.620 33970.590,9791.660 34001.949,9870.060 34048.988,9917.100 34064.672,9948.460 34143.070,10073.900 34158.750,10073.900 34190.109,10105.260 34190.109,10120.940 34205.789,10120.940 34221.469,10136.620 34221.469,10152.300 34237.148,10152.300 34252.828,10167.980 34252.828,10183.660 34268.512,10183.660 34284.191,10199.340 34299.871,10199.340 34315.551,10215.010 34346.910,10215.010 34378.270,10246.370 34425.309,10246.370 34440.980,10262.050 34503.699,10262.050 34519.379,10277.730 34566.422,10277.730 34629.141,10293.410 34723.219,10324.770 34942.730,10418.850 34989.770,10418.850 35099.531,10465.890 35146.570,10497.250 35224.969,10528.610 35256.328,10528.610 35381.762,10575.650 35522.879,10575.650 35601.281,10591.330 35648.320,10607.010 35726.719,10622.690 35914.871,10685.410 36197.109,10795.160 36228.469,10795.160 36369.578,10873.560 36557.738,10951.960 36714.539,11046.040 36839.969,11093.080 36902.691,11140.120 37122.211,11249.870 37247.648,11328.270 37482.840,11406.670 37561.238,11406.670 37592.602,11422.350 37623.961,11422.350 37639.641,11438.030 37765.078,11485.070 37796.441,11516.430 37827.789,11532.110 37906.191,11610.510 37921.871,11657.550 37921.871,11673.220 37937.551,11704.580 37937.551,11720.260 37953.230,11751.620 37953.230,11908.420 37906.191,12049.540 37906.191,12065.220 37843.469,12190.650 37812.121,12237.690 37812.121,12269.050 37749.398,12331.770 37733.719,12363.130 37498.520,12598.330 37451.480,12614.010 37435.801,12645.360 37404.441,12645.360 37357.398,12676.720 37341.730,12692.400 37216.289,12755.120 37184.930,12786.480 37169.250,12786.480 37137.891,12802.160 37106.531,12833.520 37075.172,12849.200 37075.172,12864.880 37043.809,12880.560 36996.770,12911.920 36981.090,12927.600 36965.410,12958.960 36918.371,12990.320 36902.691,13006.000 36839.969,13037.360 36683.180,13194.150 36651.820,13241.190 36620.461,13272.550 36542.059,13335.270 36510.699,13366.630 36463.660,13429.350 36447.980,13429.350 36432.301,13460.710 36416.621,13460.710 36400.941,13492.070 36353.910,13539.110 36322.551,13554.790 36306.871,13586.150 36228.469,13664.540 35961.910,13915.420 35240.648,14495.570 34895.699,14809.160 34691.859,15013.000 34284.191,15263.870 34017.629,15404.990 33845.160,15483.390 33813.801,15514.750 33735.398,15530.430 33704.039,15546.100 33625.641,15577.460 33578.602,15624.500 33515.879,15655.860 33421.809,15734.260 33327.730,15828.340 33186.609,15985.140 33092.531,16063.530 32967.102,16188.970 32935.738,16236.010 32920.059,16251.690 32888.699,16267.370 32888.699,16298.730 32857.340,16298.730 32841.660,16314.410 32810.301,16330.090 32778.941,16345.770 32731.900,16361.450 32716.221,16361.450 32402.631,16439.850 32261.510,16455.529 32183.109,16486.891 32041.990,16533.920 31916.561,16580.961 31869.520,16612.320 31838.160,16612.320 31822.480,16628.000 31806.801,16628.000 31775.439,16659.359 31728.400,16690.721 31697.039,16706.400 31697.039,16722.080 31650.000,16753.439 31571.600,16831.840 31540.240,16878.881 31336.410,17082.711 31336.410,17098.391 31320.730,17098.391 31320.730,17114.070 31289.369,17114.070 31258.010,17161.109 31132.570,17192.471 31116.891,17208.150 31085.529,17208.150 31054.170,17223.830 31038.500,17239.510 31007.141,17239.510 30960.100,17255.189 30928.740,17270.869 30662.180,17286.551 30223.150,17208.150 29831.160,16988.641 29188.289,16267.370 28655.180,15702.900 28482.711,15530.430 28435.670,15499.070 28169.109,15232.510 28090.721,15107.070 28090.721,15060.030 28059.359,15028.680 28043.680,14950.280 28012.320,14824.840 27965.279,14699.400 27949.600,14511.250 27949.600,14385.810 27933.920,14260.370 27933.920,12441.530 27980.961,12190.650 27996.641,12159.290 27996.641,12112.260 28012.320,12049.540 28012.320,11281.230 27996.641,11234.190 27965.279,11171.470 27918.240,11061.720 27902.561,11046.040 27886.881,10999.000 27824.160,10904.920 27651.689,10732.440 27573.289,10638.370 27541.930,10607.010 27479.211,10559.970 27385.131,10465.890 26757.939,9681.910 26318.910,9164.480 26115.080,8944.960 25911.240,8741.130 25738.760,8474.570 25691.721,8349.130 25660.369,8255.050 25660.369,8239.380 25644.689,8208.020 25644.689,7816.020 25660.369,7784.660 25660.369,7753.310 25676.051,7737.630 25691.721,7706.270 25691.721,7690.590 25707.400,7674.910 25707.400,7659.230 25723.080,7659.230 25738.760,7627.870 25754.439,7627.870 25770.119,7612.190 25785.801,7612.190 25817.160,7580.830 25879.881,7549.470 25895.561,7533.790 25911.240,7533.790 25958.279,7502.430 26005.320,7502.430 26036.680,7471.070 26256.189,7471.070 26303.230,7486.750 26365.949,7486.750",-1,-1,-1,-1,-1,-1,-1
8772,"undefined","Invasive Carcinoma (SolidGlandular/Cellular)","Polyline","9269.230,768.120 9356.370,680.980 9567.980,556.500 9642.670,519.160 9779.600,456.920 9953.870,394.680 10103.240,332.440 10153.030,307.550 10165.480,307.550 10302.400,270.200 10377.090,245.310 10464.230,245.310 10601.150,220.410 10688.290,220.410 10762.980,207.960 11335.580,207.960 11484.950,220.410 11746.360,257.760 11796.150,257.760 11945.520,270.200 11995.310,282.650 12045.100,282.650 12144.690,295.100 12306.510,307.550 12381.200,320.000 12406.090,320.000 12480.780,332.440 12505.670,332.440 12592.810,344.890 12630.150,357.340 12717.290,394.680 12729.730,394.680 12729.730,407.130 12754.630,419.580 12779.530,444.470 12804.420,506.710 12829.320,581.400 12841.760,606.300 12866.660,780.570 12879.110,830.360 12879.110,1303.370 12854.210,1514.990 12816.870,1639.470 12754.630,1776.390 12717.290,1826.180 12692.390,1875.980 12630.150,1963.110 12617.700,2000.450 12592.810,2025.350 12567.910,2037.800 12468.330,2137.380 12443.430,2149.830 12393.640,2187.170 12356.300,2224.520 12318.960,2249.410 12144.690,2324.100 12020.210,2361.440 11995.310,2373.890 11908.180,2398.790 11796.150,2436.130 11758.800,2461.020 11746.360,2461.020 11671.670,2485.920 11671.670,2498.370 11547.190,2548.160 11522.290,2548.160 11484.950,2560.610 11422.710,2573.050 11335.580,2597.950 11298.230,2597.950 11273.340,2610.400 11260.890,2622.850 11186.200,2635.290 11136.410,2647.740 11099.070,2647.740 10987.040,2672.640 10962.140,2685.090 10887.450,2685.090 10850.110,2709.980 10837.660,2709.980 10725.630,2747.320 10700.740,2747.320 10626.050,2759.770 10514.020,2772.220 10140.580,2772.220 9829.390,2685.090 9692.460,2635.290 9431.060,2560.610 9393.710,2535.710 9306.580,2461.020 9269.230,2448.580 9082.520,2299.200 9057.620,2249.410 9032.720,2212.070 9020.280,2187.170 9020.280,2149.830 8995.380,2075.140 8995.380,1664.360 9007.830,1577.230 9057.620,1452.750 9082.520,1378.060 9094.960,1315.820 9132.310,1278.480 9169.650,1178.900 9182.100,1166.450 9231.890,1079.310 9244.340,1041.970 9269.230,992.180 9294.130,967.280 9294.130,954.840 9306.580,929.940 9319.030,917.490 9331.470,892.600 9356.370,855.250 9356.370,842.800 9368.820,830.360 9393.710,780.570 9393.710,768.120 9418.610,743.220 9418.610,730.770 9431.060,730.770 9431.060,705.880 9443.500,693.430 9443.500,680.980 9468.400,656.090 9480.850,631.190 9518.190,593.850 9518.190,581.400 9530.640,568.950 9555.530,556.500 9630.220,481.820 9642.670,481.820 9642.670,469.370 9655.120,469.370 9667.560,456.920 9680.010,456.920 9680.010,444.470 9692.460,444.470",-1,-1,-1,-1,-1,-1,-1
8773,"undefined","Invasive carcinoma (Infiltrative/Fibrotic)","Polyline","7350.070,3360.500 7835.540,3223.580 7935.120,3198.680 8059.600,3161.340 8395.690,3036.860 8433.030,3011.960 8632.200,2912.380 8644.650,2899.930 8794.020,2850.140 8831.360,2850.140 9080.320,2825.250 9366.620,2825.250 9839.640,2862.590 10499.370,2850.140 10636.300,2837.690 10885.260,2800.350 10972.390,2775.450 10997.290,2763.010 11034.630,2763.010 11283.590,2713.220 11607.230,2700.770 11856.190,2663.420 12316.760,2763.010 12453.690,2850.140 12503.480,2887.480 12603.060,3011.960 12615.510,3036.860 12752.430,3173.790 12764.880,3198.680 12802.230,3236.020 12802.230,3248.470 12814.670,3260.920 12827.120,3285.820 12852.020,3323.160 12852.020,3335.610 12864.460,3335.610 12889.360,3385.400 12889.360,3397.850 12901.810,3397.850 12901.810,3422.740 12939.150,3460.090 12964.050,3522.330 13013.840,3572.120 13038.730,3621.910 13063.630,3659.250 13076.080,3684.150 13100.970,3696.590 13125.870,3758.830 13163.210,3821.070 13250.350,3908.210 13262.800,3945.550 13287.690,3970.450 13300.140,3995.340 13300.140,4007.790 13349.930,4057.580 13362.380,4082.480 13362.380,4094.930 13387.270,4119.820 13387.270,4132.270 13399.720,4132.270 13399.720,4157.170 13412.170,4169.610 13474.410,4294.090 13511.750,4580.390 13474.410,5103.200 13412.170,5613.560 13387.270,6248.400 13349.930,6659.180 13300.140,6870.790 13213.000,7157.100 13076.080,7468.290 12964.050,7679.900 12852.020,7854.170 12677.750,8090.680 12565.720,8227.610 12329.210,8464.120 12229.620,8576.150 11781.500,9024.270 11756.610,9061.620 11731.710,9086.510 11694.370,9098.960 11632.130,9173.650 11619.680,9173.650 11557.440,9210.990 11495.200,9235.890 11383.170,9260.780 11296.040,9273.230 11246.240,9298.120 11196.450,9310.570 11159.110,9335.470 11109.320,9360.360 11059.530,9372.810 10997.290,9397.710 10897.710,9422.600 10760.780,9447.500 10648.750,9459.950 10350.000,9459.950 10287.760,9447.500 10138.390,9410.150 9802.300,9260.780 9677.820,9161.200 9578.230,9086.510 9553.340,9061.620 9491.100,9011.820 9428.860,8974.480 9316.830,8899.790 9304.380,8899.790 8607.300,8364.540 8196.520,7829.280 7897.780,7144.650 7623.920,6497.360 7599.030,6422.670 7586.580,6372.880 7536.790,6248.400 7474.550,6074.130 7399.860,5725.590 7387.410,5526.430 7374.970,5451.740 7374.970,4381.230 7387.410,4294.090 7424.760,4119.820 7449.650,3920.660 7449.650,3895.760 7462.100,3771.280 7487.000,3659.250 7487.000,3484.980 7499.440,3472.530 7499.440,3460.090 7511.890,3422.740 7524.340,3397.850 7524.340,3385.400 7536.790,3372.950 7536.790,3360.500 7586.580,3310.710 7586.580,3298.260 7599.030,3285.820 7623.920,3273.370 7636.370,3273.370 7661.270,3260.920 7673.710,3248.470 7686.160,3248.470 7698.610,3236.020 7711.060,3236.020 7748.400,3223.580 7760.850,3223.580 7760.850,3211.130 7785.740,3211.130 7798.190,3198.680",-1,-1,-1,-1,-1,-1,-1
8774,"undefined","Invasive carcinoma with stromal HLA-E","Label","",9661.312200389344,5430.248759980699,-1,-1,-1,-1,-1
19920,"1 | PanCK- | PanCK+","1 | PanCK- | PanCK+","Ellipse","18805.893,17493.113 18798.178,17961.977 19035.313,17730.570 18568.758,17724.518",15147.3945,37920.57,387.39503048501865,387.39503048501865,-1,-1,"0.00995638776872266,0.6021693273709326,-4183.382790494907,-0.6051475702276634,0.007812724828046229,26597.690372777008,0,0,1"
19921,"2 | PanCK- | PanCK+","2 | PanCK- | PanCK+","Ellipse","17933.014,17515.164 17919.629,17996.404 18162.395,17760.070 17690.248,17751.498",15047.4141,36475.207,388.39767048627436,388.39767048627436,-1,-1,"0.01722974439104852,0.6078112940168441,-4502.984737729414,-0.6195188435142154,0.011037062601884104,26675.361791455478,0,0,1"
19922,"3 | PanCK- | PanCK+","3 | PanCK- | PanCK+","Ellipse","18024.744,18040.486 18012.611,18506.529 18248.561,18277.672 17788.795,18269.344",14219.7646,36647.1367,378.2459404735637,378.2459404735637,-1,-1,"0.01603675174373144,0.60775904579459,-4481.989862170525,-0.6160597405616555,0.011007253554701998,26630.348228529365,0,0,1"
19923,"4 | Full ROI","4 | Full ROI","Polygon","9548.252,18218.303 9534.368,18180.086 9574.600,18160.129 9666.720,18158.279 9753.627,18181.637 9805.673,18201.082 9908.713,18250.637 9968.453,18251.758 10042.116,18254.826 10073.369,18298.395 10057.715,18361.453 10041.578,18407.924 9994.718,18448.111 9922.846,18449.305 9832.420,18414.025 9728.858,18375.760 9690.445,18315.139 9688.343,18271.533 9721.195,18236.576 9628.904,18261.180",-1,-1,-1,-1,-1,-1,"0.06378523763325447,0.6517892470453746,-6134.470270601694,-0.601592204710433,0.045471092937107466,25502.465094617222,0,0,1"
19924,"5 | PanCK+","5 | PanCK+","Polygon","8845.632,17632.986 8857.804,17565.529 8970.295,17514.186 9150.920,17522.322 9246.882,17603.525 9248.779,17723.592 9127.384,17722.484 9032.511,17696.102 8901.997,17650.365",-1,-1,-1,-1,-1,-1,"0.01657600824867487,0.6026791670626678,-4350.5829861420025,-0.6085913831567791,0.018444813561679985,26215.83314336829,0,0,1"
19925,"6 | PanCK+","6 | PanCK+","Polygon","7228.391,16242.094 7256.051,16184.521 7305.609,16153.713 7422.749,16139.857 7638.064,16041.593 7742.198,16028.915 7790.622,16144.374 7968.121,16117.963 8025.986,16134.583 8013.597,16223.566 7924.199,16285.519 7810.736,16284.869 7734.586,16337.524 7627.617,16390.744 7553.750,16367.072 7472.127,16331.755 7393.047,16265.637 7315.504,16256.468",-1,-1,-1,-1,-1,-1,"0.01812910005284427,0.604268491252355,-4398.461285620317,-0.6059286278521696,0.020770511792035273,26131.090721654033,0,0,1"
19926,"7 | Full ROI","7 | Full ROI","Polygon","3848.586,13829.336 3759.577,13731.364 3761.325,13603.164 3840.850,13536.290 3941.706,13494.883 3990.283,13594.786 4067.671,13755.640 4041.141,13861.719 3938.167,13876.118 3826.081,13863.457",-1,-1,-1,-1,-1,-1,"-0.008076419940409862,0.6132673541915502,-3954.181766402671,-0.591648582787823,0.004668788805340608,25955.48248646239,0,0,1"
19927,"8 | Full ROI","8 | Full ROI","Polygon","4831.629,15601.331 4843.533,15547.309 4888.092,15378.250 5008.001,15385.906 5130.648,15484.061 5114.588,15663.452 5078.355,15735.272 4984.727,15763.090 4859.412,15730.583",-1,-1,-1,-1,-1,-1,"0.017077745832622986,0.5993664532825115,-4306.030617199071,-0.6048125373928227,0.021836453383256575,26079.882078051985,0,0,1"
19928,"9 | Full ROI","9 | Full ROI","Polygon","4302.096,16012.683 4288.124,15837.661 4368.300,15731.190 4534.958,15721.151 4695.171,15913.560 4574.826,16186.601 4397.696,16156.263",-1,-1,-1,-1,-1,-1,"0.03491728657915739,0.5861517479681312,-4402.714295114716,-0.611762820437277,0.020969469591791447,26209.042866891403,0,0,1"
19929,"10 | PanCK- | PanCK+","10 | PanCK- | PanCK+","Ellipse","9841.932,4536.308 9836.528,5130.118 10157.707,4840.855 9520.753,4825.570",35832.0938,22623.0566,505.7065506331419,505.7065506331419,-1,-1,"0.005342150266495487,0.6297660296764701,-4599.422674943984,-0.5871088165519593,0.015112295444769365,25528.66468819739,0,0,1"
19930,"11 | Full ROI","11 | Full ROI","Ellipse","10281.278,5856.082 10274.958,6194.362 10447.314,6032.406 10108.923,6018.038",33810.29,23305.7051,281.9925003530516,281.9925003530516,-1,-1,"0.0112065560081843,0.6000016393044731,-4084.2395241104787,-0.5998039666980546,0.025476950091242824,25711.008983031366,0,0,1"
19931,"12 | Full ROI","12 | Full ROI","Polygon","9333.395,6020.629 9305.147,6005.548 9285.696,5972.720 9299.594,5931.168 9350.963,5919.417 9389.438,5930.978 9441.204,5950.862 9489.106,5960.519 9545.306,5961.547 9610.265,5965.620 9670.724,5986.876 9733.885,5989.172 9785.620,5986.593 9801.578,5975.116 9821.168,5968.026 9840.582,6021.648 9779.251,6043.588 9702.065,6036.254 9626.909,6058.161 9538.163,6064.243 9469.941,6043.330 9448.523,6026.182 9395.057,6028.653",-1,-1,-1,-1,-1,-1,"-0.024123128937129062,0.6291865137927057,-3567.6046991567673,-0.6057695363398913,0.03944513818699927,25582.554438030944,0,0,1"
19932,"13 | PanCK+","13 | PanCK+","Polygon","11269.898,13100.732 11174.268,13084.117 11145.174,13064.747 11154.612,12970.129 11153.478,12836.586 11136.766,12731.777 11131.944,12607.123 11143.245,12467.334 11188.073,12319.957 11224.499,12215.203 11249.431,12174.433 11345.862,12252.173 11305.167,12326.195 11272.616,12417.542 11246.566,12485.415 11297.736,12560.052 11264.824,12633.282 11246.824,12720.739 11227.394,12816.053 11256.287,12867.090 11258.818,12966.755 11290.109,13013.372",-1,-1,-1,-1,-1,-1,"0.02530912411641745,0.6004640979396804,-4518.65433063819,-0.6135940994718594,0.026191211386363402,26159.696982178626,0,0,1"
19933,"14 | PanCK+","14 | PanCK+","Polygon","12036.606,10734.066 12035.498,10691.842 12094.697,10690.152 12235.311,10683.505 12300.619,10653.959 12367.138,10665.235 12458.211,10678.967 12488.245,10681.655 12519.680,10664.722 12555.293,10666.242 12569.399,10718.864 12560.620,10764.884 12513.748,10767.100 12441.190,10801.960 12378.482,10795.063 12329.440,10808.435 12262.923,10797.157 12205.523,10773.617 12141.747,10762.458 12072.989,10744.056",-1,-1,-1,-1,-1,-1,"0.043323179321971,0.5933271465639329,-4773.535423297206,-0.6071397385094061,0.02534270764375743,26018.555279648284,0,0,1"
19934,"15 | PanCK+","15 | PanCK+","Polygon","12593.993,10761.568 12590.501,10706.394 12567.896,10662.690 12561.366,10630.538 12573.511,10599.013 12646.026,10570.616 12739.691,10535.222 12821.875,10482.923 12891.477,10413.687 12941.447,10370.217 13015.535,10449.784 13008.881,10542.057 12975.225,10651.041 12828.235,10701.162 12742.360,10703.785 12675.616,10724.668",-1,-1,-1,-1,-1,-1,"0.022071305530633988,0.6061749826566696,-4555.568231402134,-0.6069452861344851,0.02035218384804499,26149.3775338071,0,0,1"
19935,"16 | PanCK+","16 | PanCK+","Polygon","15016.983,5146.148 15002.050,5120.132 15032.773,5094.920 15106.533,5058.072 15252.136,5065.417 15344.558,5102.344 15420.648,5172.367 15425.012,5316.475 15387.736,5372.092 15344.092,5409.473 15289.624,5452.387 15233.125,5499.081 15162.098,5502.593 15113.638,5496.967 15112.237,5474.050 15181.412,5466.688 15263.712,5438.574 15336.116,5376.902 15385.974,5323.414 15401.199,5255.006 15348.717,5173.001 15263.546,5117.126 15171.485,5105.960 15099.600,5104.688",-1,-1,-1,-1,-1,-1,"0.014235929163206755,0.612777252154122,-4534.588074105428,-0.6014327007635686,0.01084042902060163,26214.740766096693,0,0,1"
19936,"17 | PanCK+","17 | PanCK+","Polygon","21057.021,2324.313 21182.309,2230.344 21296.945,2172.662 21344.721,2046.783 21430.834,1982.899 21493.594,1932.079 21612.480,1924.349 21568.186,2061.796 21760.254,1974.632 21769.840,2038.096 21650.178,2135.989 21491.281,2265.886 21361.482,2382.805 21309.055,2472.159 21235.678,2494.033 21163.354,2544.703 21090.721,2541.645",-1,-1,-1,-1,-1,-1,"0.018017319459188885,0.6019261477021166,-4238.389993438363,-0.6034497198441087,0.009434897645833946,26197.25937048381,0,0,1"
19937,"18 | Full ROI","18 | Full ROI","Ellipse","10710.103,21324.229 10701.802,21732.533 10914.053,21536.451 10497.852,21520.311",8392.65,24696.1543,342.27623042852974,342.27623042852974,-1,-1,"0.012126259462985487,0.6079917999952985,-4410.878708402834,-0.596454485237537,0.02357952250118651,25951.89108375261,0,0,1"
19938,"19 | Full ROI","19 | Full ROI","Ellipse","9370.051,21639.418 9353.328,22067.492 9574.280,21860.768 9149.099,21846.141",7844.92432,22607.6484,352.6786204415539,352.6786204415539,-1,-1,"0.023708867990087326,0.6027915439067623,-4452.004165652515,-0.6068919341318358,0.02073771282463888,26145.644993505954,0,0,1"
19939,"20 | Full ROI","20 | Full ROI","Ellipse","6598.542,20139.883 6575.589,20650.307 6842.721,20402.211 6331.411,20387.980",10097.9951,17932.7188,421.9861105283271,421.9861105283271,-1,-1,"0.027196900001940194,0.6058366936698703,-4551.867510332901,-0.6047876021171656,0.016862779612148132,26199.84215900422,0,0,1"
19940,"21 | Full ROI","21 | Full ROI","Ellipse","10038.891,6246.477 10021.090,6518.707 10174.581,6389.124 9885.399,6376.060",33192.6836,22982.4473,226.0953202830715,226.0953202830715,-1,-1,"0.03936583276109913,0.6395097934994796,-5974.167545424381,-0.6020301569768115,0.028891422921164516,25701.59253205163,0,0,1"
19941,"22 | Full ROI","22 | Full ROI","Polygon","9534.516,6385.378 9476.648,6583.210 9377.954,6488.042 9260.080,6367.483 9379.719,6284.474 9462.437,6224.175 9559.161,6129.147 9623.658,6092.891 9613.902,6211.732 9613.902,6211.732",-1,-1,-1,-1,-1,-1,"-0.00030608378525432756,0.6277025722338238,-4341.152246253034,-0.5867687883260546,0.02993081833870708,25162.00379371495,0,0,1"
19942,"23 | Full ROI","23 | Full ROI","Ellipse","7466.520,21358.393 7442.928,21774.496 7681.925,21598.646 7227.522,21534.242",8428.56,19317.7734,352.67862044155345,352.67862044155345,-1,-1,"0.033446519983963245,0.6442194046933604,-5272.066917685863,-0.5899182517811663,0.09130729534746584,24774.75154399096,0,0,1"
19943,"24 | Full ROI","24 | Full ROI","Ellipse","11107.164,21697.453 11092.198,22113.785 11308.253,21914.340 10891.109,21896.898",7868.709,25451.1328,342.27623042852974,342.27623042852974,-1,-1,"0.02186150781733044,0.6093676091721032,-4581.436756359324,-0.6081792876354964,0.025478401184678787,26042.75077414887,0,0,1"